-- phpMyAdmin SQL Dump
-- version 4.7.4
-- https://www.phpmyadmin.net/
--
-- Host: 127.0.0.1
-- Generation Time: Nov 03, 2020 at 09:10 AM
-- Server version: 10.1.28-MariaDB
-- PHP Version: 7.1.11

SET SQL_MODE = "NO_AUTO_VALUE_ON_ZERO";
SET AUTOCOMMIT = 0;
START TRANSACTION;
SET time_zone = "+00:00";


/*!40101 SET @OLD_CHARACTER_SET_CLIENT=@@CHARACTER_SET_CLIENT */;
/*!40101 SET @OLD_CHARACTER_SET_RESULTS=@@CHARACTER_SET_RESULTS */;
/*!40101 SET @OLD_COLLATION_CONNECTION=@@COLLATION_CONNECTION */;
/*!40101 SET NAMES utf8mb4 */;

--
-- Database: `shop_with_chat`
--

-- --------------------------------------------------------

--
-- Table structure for table `categories`
--

CREATE TABLE `categories` (
  `ID` int(11) NOT NULL,
  `Name` varchar(255) NOT NULL,
  `Description` text NOT NULL,
  `parent` int(11) NOT NULL,
  `Ordering` int(11) DEFAULT NULL,
  `Visibility` tinyint(4) NOT NULL DEFAULT '0',
  `Allow_Comment` tinyint(4) NOT NULL DEFAULT '0',
  `Allow_Ads` int(11) NOT NULL DEFAULT '0'
) ENGINE=InnoDB DEFAULT CHARSET=utf8;

--
-- Dumping data for table `categories`
--

INSERT INTO `categories` (`ID`, `Name`, `Description`, `parent`, `Ordering`, `Visibility`, `Allow_Comment`, `Allow_Ads`) VALUES
(5, 'كتابة وترجمة', 'كتابة الأبحاث و الأوراق العلمية وإدخال البيانات ... إلخ', 0, 1, 1, 1, 0),
(7, 'تدريب ', 'التدريب عن بعد بجميع انواعه باللغة الواضحة', 0, 3, 0, 1, 1),
(10, 'Nokia', 'Nokia telephones', 7, 21, 0, 0, 0),
(12, 'home tools', 'tools using in the home', 8, 33, 0, 0, 0),
(13, 'Laptop', 'portable computer', 14, 42, 0, 0, 0),
(14, 'تصميم', 'يشمل هذا القسم التصميم بجميع أنواعه من شعارات بانارات ... إلخ', 0, 2, 0, 1, 0),
(15, 'برمجة و تطوير', 'البرمجة بأنواعها الثلاثة من المواقع الإلكترونية و تطبيقات سطح المكتب إلى تطبيقات الهاتف', 0, 1, 0, 0, 0),
(16, 'خدمات أخرى', 'أي خدمة لا تكون تحت الأصناف الآخرى المذكورة', 0, 20, 0, 0, 0);

-- --------------------------------------------------------

--
-- Table structure for table `chat`
--

CREATE TABLE `chat` (
  `id` int(11) NOT NULL,
  `Member_ID` int(11) NOT NULL,
  `message` text NOT NULL,
  `date` timestamp NOT NULL DEFAULT CURRENT_TIMESTAMP ON UPDATE CURRENT_TIMESTAMP,
  `it_ID` int(11) NOT NULL DEFAULT '0',
  `cu_id` int(11) NOT NULL DEFAULT '0',
  `status` tinyint(4) NOT NULL DEFAULT '1',
  `file` varchar(255) NOT NULL DEFAULT 'none'
) ENGINE=InnoDB DEFAULT CHARSET=utf8;

--
-- Dumping data for table `chat`
--

INSERT INTO `chat` (`id`, `Member_ID`, `message`, `date`, `it_ID`, `cu_id`, `status`, `file`) VALUES
(1, 21, 'hello admin', '2020-03-02 09:34:03', 21, 11, 1, 'none'),
(2, 1, 'hi kamal', '2020-03-02 11:51:23', 22, 21, 1, 'none'),
(3, 11, 'hi kamal\r\n', '2020-03-02 11:52:59', 9, 1, 1, 'none'),
(4, 21, 'كيف الحال؟', '2020-03-02 12:09:41', 9, 1, 1, 'none'),
(5, 1, 'تمام', '2020-03-02 12:09:53', 22, 21, 1, 'none'),
(6, 1, 'hi how are you?', '2020-03-02 12:11:05', 21, 11, 1, 'none'),
(7, 11, 'وعليكم السلام ورحمة الله', '2020-03-02 12:53:56', 22, 21, 1, 'none'),
(8, 11, 'وعليكم السلام ورحمة الله', '2020-03-02 12:54:04', 22, 21, 1, 'none'),
(9, 11, 'كيف الحال؟', '2020-03-02 12:57:52', 22, 21, 1, 'none'),
(10, 21, 'الحمدلله تمام وأنت أخي؟', '2020-03-02 12:58:21', 21, 11, 1, 'none'),
(11, 11, 'كيف الحال؟', '2020-03-02 12:58:23', 22, 21, 1, 'none'),
(12, 11, 'كيف الحال؟', '2020-03-02 13:01:19', 22, 21, 1, 'none'),
(13, 11, 'كيف الحال؟', '2020-03-02 13:01:44', 22, 21, 1, 'none'),
(16, 21, 'بشة ^_^', '2020-03-03 09:10:53', 1, 26, 1, 'none'),
(17, 26, 'معاك كيس سلطه', '2020-03-03 09:11:33', 1, 21, 1, 'none'),
(18, 21, 'عفواً ؟ بشتكيك لي الأدمن', '2020-03-03 09:12:20', 1, 26, 1, 'none'),
(19, 27, 'السلام عليكم اخي عايز سعر الخدمة', '2020-03-03 10:21:14', 1, 21, 1, 'none'),
(20, 21, 'وعليكم السلام ، 60 جنيه أخي برام عشان عيونك', '2020-03-03 10:22:09', 1, 27, 1, 'none'),
(21, 21, 'أها قلت شنو؟؟؟ ', '2020-03-03 13:31:24', 26, 27, 1, 'none'),
(22, 21, '؟؟', '2020-03-03 14:02:59', 26, 27, 1, 'none'),
(23, 21, 'dd', '2020-03-03 14:19:40', 26, 27, 1, 'none'),
(24, 21, 'السلام عليكم', '2020-03-08 10:05:29', 25, 22, 1, 'none'),
(25, 21, 'مرحبا', '2020-03-08 10:18:47', 25, 22, 1, 'none'),
(26, 21, 'مرحبا', '2020-03-08 10:19:55', 25, 22, 1, 'none'),
(27, 21, 'مرحبا', '2020-03-08 10:21:24', 25, 22, 1, '63563_11552_stats.jpg'),
(28, 21, 'هذا هو الملغ', '2020-03-08 10:34:24', 25, 22, 1, '20270_Backtracking.pptx'),
(29, 21, 'f', '2020-03-08 10:50:18', 25, 22, 1, 'none'),
(30, 21, 'هذا هو', '2020-03-08 10:55:27', 25, 22, 1, '72066_Chat-Room-master.zip'),
(31, 22, 'هذا هو طلبك أخي\r\nأستلم الخدمة', '2020-10-18 07:53:40', 1, 30, 1, 'none'),
(32, 22, 'هذا هو طلبك أخي\r\nأستلم الخدمة', '2020-10-18 08:09:10', 1, 30, 1, '20768_74208031_3159391830799236_3652824854379364352_n.mp4'),
(33, 22, 'هذا', '2020-10-18 08:10:22', 1, 30, 1, '75338_74208031_3159391830799236_3652824854379364352_n.mp4'),
(34, 22, 'ب', '2020-10-18 08:12:23', 1, 30, 1, '93283_ش.mp4'),
(35, 22, 'ل', '2020-10-18 08:16:11', 1, 30, 1, '39337_droid-arabic-kufi.zip'),
(36, 1, 'هذا هو الملف', '2020-10-18 13:05:43', 1, 22, 1, 'none'),
(37, 1, 'هذا هو', '2020-10-18 13:08:22', 1, 22, 1, '54072__2019-2020_2_.pdfدليل التقديم لمنحة الحكومة الصينية 2019-2020(2).rar'),
(38, 22, 'إستلم', '2020-10-18 13:09:50', 1, 1, 1, '98548_1 UML.docx'),
(39, 23, ' هذا هو', '2020-10-20 07:28:40', 1, 1, 1, '62029__2019-2020_2_.pdfدليل التقديم لمنحة الحكومة الصينية 2019-2020(2).pdf'),
(40, 23, 'اا', '2020-10-20 07:32:18', 1, 1, 1, '1394_m.jpg'),
(41, 1, 'dfgfdg', '2020-10-20 07:39:00', 1, 23, 1, '38262__2019-2020_2_.pdfدليل التقديم لمنحة الحكومة الصينية 2019-2020(2).pdf'),
(42, 1, 'dfg', '2020-10-20 07:44:06', 1, 23, 1, '68938_sc.jpg'),
(43, 1, 'hjk', '2020-10-20 08:02:29', 1, 23, 1, '89854_نموزج خطة بحث (2).rar'),
(44, 1, 'we', '2020-10-20 08:03:15', 1, 23, 1, '56790_نموزج خطة بحث (2).pdf'),
(45, 1, 'asf', '2020-10-20 08:21:14', 1, 23, 1, '52269_نموزج خطة بحث (2).zip'),
(46, 38, 'hh', '2020-10-23 04:27:51', 1, 34, 1, '18176_an.png'),
(47, 38, 'dsf', '2020-10-23 04:35:55', 1, 34, 1, 'none'),
(48, 38, 'df', '2020-10-23 04:37:31', 1, 34, 1, 'none'),
(49, 38, 'sfdsf', '2020-10-23 04:37:57', 1, 34, 1, '45560_an.png'),
(50, 38, 'sdf', '2020-10-23 04:39:05', 1, 34, 1, 'none'),
(51, 38, 'sdf', '2020-10-23 04:39:35', 1, 34, 1, 'none'),
(52, 38, 'sdf', '2020-10-23 04:39:47', 1, 34, 1, '99378_79975136_2240763429554783_7002211506246909952_n.jpg'),
(53, 23, 'sd', '2020-10-23 15:05:22', 1, 1, 1, '21194_an.png'),
(54, 23, 'df', '2020-10-23 15:07:10', 1, 1, 1, '58807_an.png'),
(55, 23, 'sd', '2020-10-23 15:10:09', 1, 1, 1, 'none'),
(56, 23, 'sdf', '2020-10-23 15:10:28', 1, 1, 1, '28534_an.png'),
(57, 1, 'sdfsd', '2020-10-23 15:12:43', 1, 23, 1, 'none'),
(58, 1, 'dsf', '2020-10-23 15:13:02', 1, 23, 1, '71146_WIN_20200825_15_20_12_Pro.jpg'),
(59, 1, 'df', '2020-10-23 15:14:58', 1, 23, 1, '9069_WIN_20200825_15_20_12_Pro.jpg'),
(60, 23, 'sdf', '2020-10-23 15:17:00', 1, 1, 1, '3408_an.png'),
(61, 23, 'df', '2020-10-23 15:21:59', 1, 1, 1, 'none'),
(62, 23, 'dsf', '2020-10-23 15:22:21', 1, 1, 1, '11651_an.png'),
(63, 1, 'dsfg', '2020-10-23 15:25:03', 1, 23, 1, '5383_WIN_20200825_15_20_12_Pro.jpg'),
(64, 1, 'df', '2020-10-23 15:25:55', 1, 23, 1, '32535_WIN_20200825_15_20_12_Pro.jpg'),
(65, 1, 'ry', '2020-11-02 21:53:28', 1, 34, 1, '83320_website.zip');

-- --------------------------------------------------------

--
-- Table structure for table `chat_message`
--

CREATE TABLE `chat_message` (
  `chat_message_id` int(11) NOT NULL,
  `to_user_id` int(11) NOT NULL,
  `from_user_id` int(11) NOT NULL,
  `chat_message` text NOT NULL,
  `timestamp` timestamp NOT NULL DEFAULT CURRENT_TIMESTAMP,
  `status` int(1) NOT NULL,
  `file` varchar(255) NOT NULL DEFAULT 'none'
) ENGINE=InnoDB DEFAULT CHARSET=utf8;

--
-- Dumping data for table `chat_message`
--

INSERT INTO `chat_message` (`chat_message_id`, `to_user_id`, `from_user_id`, `chat_message`, `timestamp`, `status`, `file`) VALUES
(1, 1, 21, 'السلام عليكم', '2020-09-01 12:43:10', 0, 'none'),
(2, 21, 1, 'وعليكم السلام', '2020-09-01 12:43:54', 0, 'none'),
(3, 28, 21, 'السلام عليكم', '2020-09-01 14:49:52', 0, 'none'),
(4, 21, 28, 'وعليكم السلام\n', '2020-09-01 14:50:32', 0, 'none'),
(5, 28, 21, 'منستبي', '2020-09-01 14:50:50', 0, 'none'),
(6, 21, 28, 'كيفك\n', '2020-09-01 14:52:20', 0, 'none'),
(7, 1, 21, 'one', '2020-09-01 15:25:15', 0, 'none'),
(8, 21, 1, 'two', '2020-09-01 15:25:26', 0, 'none'),
(9, 1, 21, 'three', '2020-09-01 15:25:35', 0, 'none'),
(10, 21, 1, 'four', '2020-09-01 15:25:42', 0, 'none'),
(11, 1, 21, 'five', '2020-09-01 15:25:48', 0, 'none'),
(12, 1, 21, 'six', '2020-09-01 21:08:40', 0, 'none'),
(13, 21, 23, 'hi !', '2020-09-01 21:11:27', 0, 'none'),
(14, 21, 23, 'hello ?!', '2020-09-01 21:16:48', 0, 'none'),
(15, 23, 21, 'welcome', '2020-09-01 21:22:33', 0, 'none'),
(16, 21, 23, '  how are you? ', '2020-09-01 21:53:50', 0, 'none'),
(17, 21, 23, 'sadfs', '2020-09-01 21:55:00', 0, 'none'),
(18, 23, 21, 'sdf', '2020-09-01 21:55:28', 0, 'none'),
(19, 21, 1, 'seven', '2020-09-02 03:40:24', 0, 'none'),
(20, 21, 1, 'eight', '2020-09-02 03:41:09', 0, 'none'),
(21, 21, 23, 'what?', '2020-09-02 03:41:51', 0, 'none'),
(22, 23, 21, 'hg', '2020-09-02 03:46:49', 0, 'none'),
(23, 21, 23, 'sf', '2020-09-02 03:48:06', 0, 'none'),
(24, 21, 23, 'sadf', '2020-09-02 03:48:18', 0, 'none'),
(25, 21, 23, 'sdfs', '2020-09-02 03:54:04', 0, 'none'),
(26, 21, 23, 'asfsd', '2020-09-02 03:55:48', 0, 'none'),
(27, 21, 23, 'sdfsgr', '2020-09-02 03:57:29', 0, 'none'),
(28, 21, 23, 'sdf', '2020-09-02 03:58:56', 0, 'none'),
(29, 23, 21, 'dsd', '2020-09-02 04:12:14', 0, 'none'),
(30, 21, 23, 'ldfjs', '2020-09-02 04:25:33', 0, 'none'),
(31, 21, 23, 'sfds', '2020-09-02 04:26:16', 0, 'none'),
(32, 21, 1, 'sdfs', '2020-09-02 04:26:51', 0, 'none'),
(33, 1, 23, 'hello\n', '2020-09-02 08:03:46', 0, 'none'),
(34, 1, 21, 'aa', '2020-09-02 08:04:15', 0, 'none'),
(35, 23, 21, 'hi', '2020-09-02 08:33:30', 0, 'none'),
(36, 23, 21, 'hello', '2020-09-02 08:34:15', 0, 'none'),
(37, 21, 1, 'nine', '2020-09-02 08:35:37', 0, 'none'),
(38, 21, 1, 'ten', '2020-09-02 08:36:03', 0, 'none'),
(39, 21, 1, 'eleven', '2020-09-02 09:29:05', 0, 'none'),
(40, 1, 21, 'مساء الخير', '2020-09-05 17:36:14', 0, 'none'),
(41, 1, 29, 'HELOO    \n', '2020-09-05 17:53:47', 0, 'none'),
(42, 29, 1, '12', '2020-09-05 17:54:52', 0, 'none'),
(43, 21, 1, 'twelve', '2020-09-08 04:39:31', 0, 'none'),
(44, 23, 1, 'welcome bro ', '2020-09-08 11:27:56', 0, 'none'),
(45, 1, 23, 'how are you?', '2020-09-08 12:02:07', 0, 'none'),
(46, 23, 1, 'fine thanks and you?', '2020-09-08 12:03:00', 0, 'none'),
(47, 1, 23, 'so what?', '2020-09-08 12:03:20', 0, 'none'),
(48, 1, 23, '???', '2020-09-08 12:05:15', 0, 'none'),
(49, 1, 23, '???', '2020-09-08 12:06:28', 0, 'none'),
(50, 1, 21, 'Thirteen ', '2020-09-08 12:18:09', 0, 'none'),
(51, 21, 1, 'fourteen', '2020-09-08 12:18:32', 0, 'none'),
(52, 27, 21, 'السلام عليكم', '2020-09-13 14:31:58', 0, 'none'),
(53, 21, 27, 'وعليكم السلام ', '2020-09-13 14:32:45', 0, 'none'),
(54, 27, 21, 'كيف الحال؟', '2020-09-13 14:33:34', 0, 'none'),
(55, 21, 27, 'الحمد ', '2020-09-13 14:33:47', 0, 'none'),
(56, 22, 30, 'السلام عليكم أخي', '2020-10-18 07:46:32', 0, 'none'),
(57, 30, 22, 'عليكم السلام', '2020-10-18 07:47:09', 0, 'none'),
(58, 22, 30, 'أريد خدمة windows setup', '2020-10-18 07:47:27', 0, 'none'),
(59, 22, 30, 'أي إصدار تريد؟', '2020-10-18 07:48:22', 0, 'none'),
(60, 30, 22, 'windows 10', '2020-10-18 07:48:31', 0, 'none'),
(61, 22, 30, 'أطلب الخدمة ب 100 جنيه', '2020-10-18 07:48:49', 0, 'none'),
(62, 30, 22, 'أوكي', '2020-10-18 07:48:57', 0, 'none'),
(63, 30, 22, 'طلبت الخدمة ', '2020-10-18 07:51:18', 0, 'none'),
(64, 30, 22, 'إستلم الملف', '2020-10-18 08:19:08', 0, 'none'),
(65, 22, 1, 'السلام عليكم', '2020-10-18 12:42:45', 0, 'none'),
(66, 1, 22, 'وعليكم السلام', '2020-10-18 12:48:59', 0, 'none'),
(67, 22, 1, 'عاوز افرغ شيت من 50 صفحة', '2020-10-18 12:49:21', 0, 'none'),
(68, 1, 22, 'الصفحة بي 50', '2020-10-18 12:49:34', 0, 'none'),
(69, 1, 22, '', '2020-10-18 12:49:35', 0, 'none'),
(70, 1, 21, 'fs', '2020-10-19 08:58:49', 0, 'none'),
(71, 1, 23, 'hi', '2020-10-21 20:00:37', 0, 'none'),
(72, 1, 23, 'hi', '2020-10-22 03:26:20', 0, 'none'),
(73, 23, 1, 'hi', '2020-10-22 03:26:33', 0, 'none'),
(74, 23, 1, 'how are you?', '2020-10-22 03:26:49', 0, 'none'),
(75, 23, 1, 's', '2020-10-22 03:29:12', 0, 'none'),
(76, 32, 33, 'top', '2020-10-22 13:48:51', 0, 'none');

-- --------------------------------------------------------

--
-- Table structure for table `comments`
--

CREATE TABLE `comments` (
  `c_id` int(11) NOT NULL,
  `comment` text NOT NULL,
  `status` tinyint(4) NOT NULL,
  `comment_date` date NOT NULL,
  `item_ID` int(11) NOT NULL DEFAULT '0',
  `User_ID` int(11) NOT NULL
) ENGINE=InnoDB DEFAULT CHARSET=utf8;

--
-- Dumping data for table `comments`
--

INSERT INTO `comments` (`c_id`, `comment`, `status`, `comment_date`, `item_ID`, `User_ID`) VALUES
(6, 'wow ! This is an amazing phone', 1, '2019-10-26', 9, 15),
(7, 'this is a very good product', 1, '2019-10-29', 13, 11),
(8, 'نتاللا', 1, '2020-02-08', 21, 21),
(9, 'شغله جميل', 1, '2020-10-18', 25, 1);

-- --------------------------------------------------------

--
-- Table structure for table `items`
--

CREATE TABLE `items` (
  `item_ID` int(11) NOT NULL,
  `Name` varchar(255) NOT NULL,
  `Description` text NOT NULL,
  `Price` varchar(255) NOT NULL DEFAULT '15',
  `Add_Date` date NOT NULL,
  `Country` varchar(255) NOT NULL,
  `Image` varchar(255) NOT NULL,
  `Status` varchar(255) NOT NULL,
  `Raiting` smallint(6) NOT NULL,
  `Approve` tinyint(4) NOT NULL DEFAULT '0',
  `Cat_ID` int(11) NOT NULL,
  `Member_ID` int(11) NOT NULL,
  `tags` varchar(255) NOT NULL
) ENGINE=InnoDB DEFAULT CHARSET=utf8;

--
-- Dumping data for table `items`
--

INSERT INTO `items` (`item_ID`, `Name`, `Description`, `Price`, `Add_Date`, `Country`, `Image`, `Status`, `Raiting`, `Approve`, `Cat_ID`, `Member_ID`, `tags`) VALUES
(9, 'استخراج البيانات من صفحات الويب ', 'استطيع استخراج البيانات من صفحات الويب (Data Extract, Web Scraping بسعر حسب الإتفاق', '50', '2019-10-20', 'USA', '', '2', 0, 1, 15, 35, 'صفحات ويب,تنقيب عن البيانات,تنقيب'),
(13, 'بناء مدونة او موقع متكامل واحترافي ', 'أقوم ببناء مدونة او موقع متكامل واحترافي  في اقصر وقت والسعر حسب عدد الصفحات ، تواصل معي ', '50', '2019-10-22', 'China', '', '1', 0, 1, 15, 15, 'مدونة,مواقع'),
(18, 'Note 3', 'phone from microsoft', '15', '2019-10-27', 'US', '', '3', 0, 1, 7, 15, ''),
(19, 'crash', 'adventurous game', '15', '2019-10-28', 'USA', '', '1', 0, 1, 14, 15, 'game, play'),
(21, 'الكتابة الإبداعية و كتابة و تلحين الأناشيد، 40 كلمة ب 50 جنيه ', 'مرحبا بك في عالمي المميز.... شاعرة و كاتبة أدبية و كاتبة إعلانات تسويقية و غيره الكثير خبرة سبع سنوات في عالم الكتابة اللغوية الخالية من الأخطاء كاتبة و ملحنة أناشيد بشكل احترافي و عالمي ( كتبت العديد من الأغاني الأناشيد لكثير من المغنيين ) و حتى أغاني الأفراح سواء بأسماء العروسين أو لفرح بشكل عام أتشرف بالعمل في تلك المهنة بجودة و احترافية عالية مع تسليم في وقت قياسي جداً ', '50', '2019-10-29', 'china', '', '1', 0, 1, 5, 34, 'كتابة,تلحين,اناشيد'),
(22, 'برمجة مواقع', 'برمجة مواقع الإنترنت بأحدث التقنيات', '15', '2020-01-24', 'السودان', '26061_sc.jpg', '2', 0, 1, 15, 21, 'برمجة,مواقع,صفحات ويب'),
(23, 'Windows setup', 'نقوم بعرض فيديو يشرح خطوات تسطيب الويندوز مع تعريفاتو كاملة', '15', '2020-01-28', '', '68796_FB_IMG_15703475240733025.jpg', '', 0, 1, 16, 22, 'دعم فني,Windows'),
(25, 'تحويل ملف PDF الي ملف Word', 'نقوم بتحويل الملف من صيغةPDF الي صيغة ملف Word', '15', '2020-01-28', '', '26058_FB_IMG_15701722795260726.jpg', '', 0, 1, 5, 22, 'translate, كتابة بحوث'),
(26, ' دروس النمذجة والمحكاة', 'توصيل فهم الورس بطريقة مبسطة', '15', '2020-03-03', '', '40200_Screenshot_٢٠٢٠٠٢١٦-٢٠١٠٤٥_OBWhatsApp.jpg', '', 0, 1, 7, 27, 'تدريب, نمذجة'),
(27, 'كتابة قصص قصيرة', 'سوف أقوم بكتابة كل قصة مقابل خدمة', '15', '2020-03-07', '', '96063_aa.jpg', '', 0, 1, 5, 21, 'كتابة,قصص,قصص قصيرة'),
(28, ' مراجعة نظريات المحاسبة', 'سوف اشرح لك بكل سهوله النظريات المحاسبيه وكيفية تطبيقها ', '15', '2020-09-01', '', '60663_1598971442820391577402.jpg', '', 0, 1, 7, 28, 'شرح,مراجعة ,محاسبه'),
(29, ' تصميم بطاقات الأعمال', 'أقوم بتصميم بطاقات عمل إحترافية عصرية ، بمحتوى جذاب ، بحيث اقوم بتصميم البطاقة الواحدة بسعر 50 جنيها ، وفي حال طلب أكثر من شكل سيتناقص سعر البطاقة بالإعتماد عى الكمية', '15', '2020-10-20', '', '58833_95485_0 (1).jpg', '', 0, 1, 14, 1, 'تصميم,بطاقة عمل,شعارات,logos,photoshop'),
(30, 'تصميم مواقع', 'سوف أقوم بتصميم موقعك الإلكتروني front end  بواسطة الغات مثل html , css , js ومكتبات  وعطر عمل مثل jquery  , bootstrap  بمعدل 50 جنيه للصفحة ويمكن المناقشة في السعر لأكثر من ثلاث صفحات', '15', '2020-10-20', '', '69511_company_team.jpg', '', 0, 1, 15, 1, 'تصميم,front end,مواقع الأنترنت,website,web'),
(31, 'عمل أبحاث أكاديمية باللغتين العربية والانجليزية', 'اعزائي،  اقدم لكم خدمة كتابة الأبحاث المتخصصة  التي تحتاج الى دراسة متخصصة وتحليل دقيق  التكلفة للأبحاث باللغة العربية ٣٠٠ كلمة مقابل  500التكلفة للأبحاث باللغة الانجليزية ١٥٠ كلمة مقابل200 جنيه  التسليم يعتمد على عدد الكلمات  دمتم بود، ', '15', '2020-10-23', '', '59918_yas.jpg', '', 0, 1, 5, 34, 'كتابة,بحوث,كتابة بحث'),
(32, 'تلخيص الكتب والمواد الدراسية في IT - HR - Management', 'أهلا وسهلا بكم  في هذه الخدمة أقوم بكتابة وتلخيص الكتب والمواد الدراسية في المجالات التي أتقنها ولدي معرفة وخبرة كبيرة فيها وهي تقنية المعلومات IT والإدارة Management والموارد البشرية HR وذلك وفق اللغة التي تريدها سواء كانت اللغة الإنجليزية أو اللغة العربية من خلال تقديم تلخيص ممتاز ومنظم لتسهيل الفهم والحفظ إن احتاج الأمر. التلخيص عادة يقدم في صيغة ملف pdf.  الخدمة الأساسية تقدم التلخيص لصفحتين وفي حالة كون التلخيص يحتاج أكثر من ذلك يمكن استخدام الخدمات الإضافية والتطويرية للخدمة. ', '15', '2020-10-23', '', '29907_yas2.jpg', '', 0, 1, 5, 34, 'تلخيص,كتب,دراسات'),
(33, ' دراسة حالة / Case study ', 'أعزائي،  أقوم بعمل دراسة حالة case study أو وضع مشروع أو شركة قائمة.  لأي موضوع أو تخصص،  وأقدم هذه الخدمة مقابل 300 جنيه لكل 300 كلمة باللغة العربية.  و5$ لكل 150 كلمة بالانجليزية.  والتسليم خلال 24 ساعة اذا كان الطلب يصل الى 2000 كلمة.  دمتم بود، ', '15', '2020-10-23', '', '94996_yas3.jpg', '', 0, 1, 5, 34, 'دراسة حالة,دراسة,كتابة'),
(34, 'إصلاح كود برمجي بلغة VB.net أو C# ', 'باذن الله استطيع إصلاح أي كود برمجي بلغة VB.net أو C# بـ50 جنيه  لزر او حدث واحد مثل حدث الفورم لود او حدث الضغط على زر او تصحيح سب معين في نافذة او كلاس . و لتطوير الكود و إختصاره 300 جنيه . وبناء كود إتصال محمي و مشفر لقواعد البيانات500 جنيه. بناء كلاسات لعمليات قواعد البيانات محمية و مشفرة و سهلة الاستخدام 1000 ', '15', '2020-10-23', '', '2709_asim.jpg', '', 0, 1, 15, 35, 'برمجة,تطوير,C#,VB.net'),
(35, 'شرح موضوعات متنوعة فى الفيزياء و الميكانيكا', 'تحياتى الخدمة عبارة عن شرح موضوعات متنوعة فى الفيزياء و الميكانيكا. يتم الشرح من خلال مقالة مكتوبة تحتوى على عناصر الموضوع و طرق حل المسائل. أيضا المقالة مزودة بأمثلة محلولة لتثبيت و توضيح الافكار. المقالة تحتوى على موضوع واحد فقط معروضة للبيع مقابل 50 جنيه  الموضوعات موضحة فى تعليمات المشترى. اى استفسار فى الموضوع المكتوب فى المقالة يكون مجانا. شكرا مقدم الخدمة دكتور مهندس/ محمود عبدالعزيز دكتوراة فى هندسة القوى الميكانيكية ', '15', '2020-10-23', '', '54642_mah.jpg', '', 0, 1, 7, 36, 'شرح,فيزياء,ميكانيكا,هندسة'),
(36, 'حل مسائل هندسة كهربائية وداراتها ', 'أنا مهندس طاقة كهربائية وحاصل على درجة الماجستير في الطاقة وتطبيقاتها ولدي خبرة 7 سنوات تدريسية في الكلية الهندسية التطبيقية في مواد الأسس والدارات الكهربائية. أقدم حل مختلف مسائل الأسس الكهربائية والدارات مع شرح مفصل كافي ووافي لخطوات الحل والقوانين المستخدمة عن طريق صور واضحة الخدمة متوفرة لكل المستويات التعليمية حتى الجامعية. نقابل 50 جنيه فقط لكل مسألتين في مدة لا تتجاوز اليومين. ', '15', '2020-10-23', '', '15634_hi.jpg', '', 0, 1, 7, 37, 'تدريب,هندسة,كهرباء'),
(37, 'تصميم برشور, فلاير, رول اب ', 'اهلا بك تبحث عن التميز والخروج عن النمطية ؟ اذا انت في المكان الصحيح اشتري خدمتي الآن سأقدم لك برشور أو فلايرأو كل عمود(وجه)مقابل 50 جنيه تصميم رول اب 200 جنيه  سيتم تسليمك عمل مميز وبدقة وجودة عاااالية جدا حيث سيتم استخدام أحدث برامج التصميم في ذلك  لا تترد بالتواصل معي تحياتي ', '15', '2020-10-23', '', '51721_am.jpg', '', 0, 1, 14, 38, 'تصميم,design'),
(38, 'صناعة محتوى في الإنستقرام ', 'مرحبا واهلا بك في خدمة تصميم هوية بصرية لحساب انستقرام  شروط الخدمة : انشاء تصميم لحساب انستقرام حسب الطلب التصميم عبارة عن هوية بصرية متناسقة  مميزات الخدمة : تصميم بتنسيق و إستعمال قواعد التصميم جرافيك -إستعمال خطوط متناسقة - تنسيق صور ذات موضوع واحد -إستعمال نظرية الألوان -إضافة مؤثرات صورية تدل على حركة في بوستات - وضع مقاس ملائم لإنستقرام -إستخراج بوستات بجودة عالية  معرض أعمالي https://mostaql.com/u/mohamedilyes/portfolio', '15', '2020-10-23', '', '50266_aa.jpg', '', 0, 1, 14, 38, 'تصميم,إنستقرام,instigram');

-- --------------------------------------------------------

--
-- Table structure for table `login_details`
--

CREATE TABLE `login_details` (
  `login_details_id` int(11) NOT NULL,
  `user_id` int(11) NOT NULL,
  `last_activity` timestamp NOT NULL DEFAULT CURRENT_TIMESTAMP,
  `is_type` enum('no','yes') CHARACTER SET latin1 NOT NULL
) ENGINE=InnoDB DEFAULT CHARSET=utf8;

--
-- Dumping data for table `login_details`
--

INSERT INTO `login_details` (`login_details_id`, `user_id`, `last_activity`, `is_type`) VALUES
(1, 1, '2020-09-01 20:28:08', 'no'),
(2, 21, '2020-09-01 21:24:23', 'no'),
(3, 1, '2020-09-01 21:09:20', 'no'),
(4, 23, '2020-09-01 22:05:50', 'no'),
(5, 21, '2020-09-01 21:27:18', 'no'),
(6, 23, '2020-09-01 21:30:41', 'no'),
(7, 21, '2020-09-01 22:03:58', 'no'),
(8, 21, '2020-09-02 04:27:05', 'no'),
(9, 1, '2020-09-02 03:41:20', 'no'),
(10, 23, '2020-09-02 04:26:35', 'no'),
(11, 1, '2020-09-02 04:28:15', 'no'),
(12, 21, '2020-09-02 10:08:58', 'no'),
(13, 23, '2020-09-02 07:47:09', 'no'),
(14, 23, '2020-09-02 10:08:56', 'no'),
(15, 1, '2020-09-02 10:08:53', 'no'),
(16, 21, '2020-09-02 13:08:29', 'no'),
(17, 21, '2020-09-02 19:03:09', 'no'),
(18, 1, '2020-09-02 18:44:17', 'no'),
(19, 1, '2020-09-05 17:38:32', 'no'),
(20, 21, '2020-09-05 17:38:06', 'no'),
(21, 29, '2020-09-05 17:50:28', 'no'),
(22, 29, '2020-09-05 17:55:28', 'no'),
(23, 1, '2020-09-05 17:56:22', 'no'),
(24, 29, '2020-09-06 19:11:04', 'no'),
(25, 29, '2020-09-06 19:11:29', 'no'),
(26, 1, '2020-09-08 04:42:07', 'no'),
(27, 21, '2020-09-08 04:42:06', 'no'),
(28, 1, '2020-09-08 10:13:58', 'no'),
(29, 23, '2020-09-08 10:19:08', 'no'),
(30, 1, '2020-09-08 10:19:47', 'no'),
(31, 23, '2020-09-08 11:28:41', 'no'),
(32, 1, '2020-09-08 11:27:06', 'no'),
(33, 1, '2020-09-08 11:28:30', 'no'),
(34, 1, '2020-09-08 12:11:23', 'no'),
(35, 23, '2020-09-08 12:11:32', 'no'),
(36, 21, '2020-09-08 12:19:20', 'no'),
(37, 1, '2020-09-08 12:20:04', 'no'),
(38, 1, '2020-09-12 12:53:30', 'no'),
(39, 23, '2020-09-12 12:52:11', 'no'),
(40, 1, '2020-09-13 13:50:58', 'no'),
(41, 1, '2020-09-13 13:51:59', 'no'),
(42, 21, '2020-09-13 14:34:19', 'no'),
(43, 27, '2020-09-13 14:38:24', 'no'),
(44, 1, '2020-09-13 14:38:23', 'no'),
(45, 21, '2020-09-13 14:35:23', 'no'),
(46, 1, '2020-09-20 11:52:21', 'no'),
(47, 1, '2020-09-20 12:50:02', 'no'),
(48, 1, '2020-09-20 12:44:23', 'no'),
(49, 1, '2020-09-20 12:54:57', 'no'),
(50, 1, '2020-09-20 12:56:50', 'no'),
(51, 1, '2020-09-23 22:32:43', 'no'),
(52, 1, '2020-09-25 03:38:49', 'no'),
(53, 23, '2020-09-25 03:31:30', 'no'),
(54, 1, '2020-10-02 14:12:36', 'no'),
(55, 1, '2020-10-16 03:58:38', 'no'),
(56, 21, '2020-10-16 04:02:29', 'no'),
(57, 1, '2020-10-16 14:52:33', 'no'),
(58, 21, '2020-10-16 14:52:34', 'no'),
(59, 1, '2020-10-16 16:56:08', 'no'),
(60, 1, '2020-10-16 18:35:00', 'no'),
(61, 1, '2020-10-17 03:27:37', 'no'),
(62, 23, '2020-10-17 04:39:15', 'no'),
(63, 1, '2020-10-17 14:59:00', 'no'),
(64, 21, '2020-10-17 15:02:25', 'no'),
(65, 30, '2020-10-18 08:47:54', 'no'),
(66, 22, '2020-10-18 08:43:33', 'no'),
(67, 1, '2020-10-18 10:47:10', 'no'),
(68, 23, '2020-10-18 09:23:36', 'no'),
(69, 21, '2020-10-18 10:47:26', 'no'),
(70, 1, '2020-10-18 12:44:48', 'no'),
(71, 22, '2020-10-18 13:55:06', 'no'),
(72, 1, '2020-10-18 13:39:43', 'no'),
(73, 1, '2020-10-18 15:47:11', 'no'),
(74, 21, '2020-10-18 19:59:42', 'no'),
(75, 1, '2020-10-18 18:14:55', 'no'),
(76, 1, '2020-10-18 20:22:36', 'no'),
(77, 21, '2020-10-18 20:06:31', 'no'),
(78, 21, '2020-10-19 11:57:51', 'no'),
(79, 1, '2020-10-19 03:43:54', 'no'),
(80, 1, '2020-10-19 07:39:43', 'no'),
(81, 1, '2020-10-19 10:52:05', 'no'),
(82, 1, '2020-10-19 11:57:24', 'no'),
(83, 1, '2020-10-19 13:32:48', 'no'),
(84, 21, '2020-10-19 13:32:49', 'no'),
(85, 1, '2020-10-19 14:24:12', 'no'),
(86, 21, '2020-10-19 16:55:03', 'no'),
(87, 1, '2020-10-19 16:55:09', 'no'),
(88, 21, '2020-10-19 18:26:59', 'no'),
(89, 1, '2020-10-19 18:27:09', 'no'),
(90, 21, '2020-10-19 19:57:21', 'no'),
(91, 1, '2020-10-19 18:36:22', 'no'),
(92, 1, '2020-10-19 19:57:49', 'no'),
(93, 1, '2020-10-19 21:58:30', 'no'),
(94, 23, '2020-10-20 17:04:31', 'no'),
(95, 1, '2020-10-20 07:57:10', 'no'),
(96, 2, '2020-10-20 08:00:13', 'no'),
(97, 1, '2020-10-20 09:04:49', 'no'),
(98, 1, '2020-10-20 08:36:19', 'no'),
(99, 1, '2020-10-20 12:47:18', 'no'),
(100, 1, '2020-10-20 12:51:10', 'no'),
(101, 1, '2020-10-21 08:58:20', 'no'),
(102, 1, '2020-10-20 18:50:40', 'no'),
(103, 1, '2020-10-20 20:52:25', 'no'),
(104, 1, '2020-10-20 21:49:35', 'no'),
(105, 21, '2020-10-20 21:50:02', 'no'),
(106, 23, '2020-10-20 21:58:32', 'no'),
(107, 1, '2020-10-20 21:58:51', 'no'),
(108, 21, '2020-10-20 21:59:17', 'no'),
(109, 1, '2020-10-20 22:13:05', 'no'),
(110, 23, '2020-10-20 22:43:39', 'no'),
(111, 1, '2020-10-20 22:13:54', 'no'),
(112, 23, '2020-10-20 22:44:02', 'no'),
(113, 1, '2020-10-21 04:13:10', 'no'),
(114, 21, '2020-10-21 04:10:37', 'no'),
(115, 23, '2020-10-21 06:36:40', 'no'),
(116, 1, '2020-10-21 06:36:34', 'no'),
(117, 1, '2020-10-21 07:06:51', 'no'),
(118, 1, '2020-10-21 09:40:17', 'no'),
(119, 1, '2020-10-21 10:09:15', 'no'),
(120, 1, '2020-10-21 11:18:35', 'no'),
(121, 1, '2020-10-21 18:11:06', 'no'),
(122, 1, '2020-10-21 18:37:02', 'no'),
(123, 23, '2020-10-21 19:16:56', 'no'),
(124, 23, '2020-10-21 20:59:36', 'no'),
(125, 1, '2020-10-21 21:01:12', 'no'),
(126, 1, '2020-10-22 03:31:26', 'no'),
(127, 23, '2020-10-22 03:31:12', 'no'),
(128, 1, '2020-10-22 03:32:19', 'no'),
(129, 23, '2020-10-22 03:42:58', 'no'),
(130, 23, '2020-10-22 10:42:44', 'no'),
(131, 31, '2020-10-22 12:51:35', 'no'),
(132, 33, '2020-10-22 13:49:57', 'no'),
(133, 32, '2020-10-22 13:50:31', 'no'),
(134, 23, '2020-10-22 15:11:34', 'no'),
(135, 1, '2020-10-23 03:38:59', 'no'),
(136, 34, '2020-10-23 03:56:18', 'no'),
(137, 35, '2020-10-23 04:05:33', 'no'),
(138, 36, '2020-10-23 04:08:27', 'no'),
(139, 37, '2020-10-23 04:10:44', 'no'),
(140, 38, '2020-10-23 04:41:12', 'no'),
(141, 37, '2020-10-23 14:38:32', 'no'),
(142, 1, '2020-10-23 15:26:21', 'no'),
(143, 23, '2020-10-23 15:27:27', 'no'),
(144, 1, '2020-10-24 11:38:26', 'no'),
(145, 1, '2020-10-24 13:36:35', 'no'),
(146, 1, '2020-10-24 13:41:38', 'no'),
(147, 1, '2020-10-24 13:55:04', 'no'),
(148, 1, '2020-10-27 03:59:06', 'no'),
(149, 1, '2020-10-27 13:37:40', 'no'),
(150, 1, '2020-10-27 13:44:57', 'no'),
(151, 23, '2020-10-27 21:16:28', 'no'),
(152, 11, '2020-10-27 20:57:04', 'no'),
(153, 11, '2020-10-27 21:15:51', 'no'),
(154, 1, '2020-10-27 21:16:15', 'no'),
(155, 1, '2020-10-27 21:18:05', 'no'),
(156, 23, '2020-10-28 08:04:55', 'no'),
(157, 23, '2020-10-28 08:11:19', 'no'),
(158, 23, '2020-10-28 08:16:52', 'no'),
(159, 29, '2020-10-29 09:30:36', 'no'),
(160, 1, '2020-10-29 23:47:43', 'no'),
(161, 11, '2020-10-29 23:47:19', 'no'),
(162, 11, '2020-10-30 14:01:36', 'no'),
(163, 1, '2020-10-30 03:37:56', 'no'),
(164, 1, '2020-10-30 04:04:35', 'no'),
(165, 1, '2020-10-30 14:01:45', 'no'),
(166, 1, '2020-10-30 14:15:45', 'no'),
(167, 11, '2020-10-30 14:15:25', 'no'),
(168, 23, '2020-10-30 14:12:36', 'no'),
(169, 1, '2020-10-31 11:48:10', 'no'),
(170, 1, '2020-10-31 14:18:00', 'no'),
(171, 1, '2020-10-31 20:05:57', 'no'),
(172, 23, '2020-10-31 20:11:47', 'no'),
(173, 1, '2020-11-02 12:26:13', 'no'),
(174, 21, '2020-11-02 12:27:01', 'no'),
(175, 34, '2020-11-02 12:29:08', 'no'),
(176, 38, '2020-11-02 12:29:39', 'no'),
(177, 1, '2020-11-02 17:05:38', 'no'),
(178, 41, '2020-11-02 21:16:25', 'no'),
(179, 1, '2020-11-02 21:54:15', 'no');

-- --------------------------------------------------------

--
-- Table structure for table `notification`
--

CREATE TABLE `notification` (
  `id` int(11) NOT NULL,
  `buyer` int(11) NOT NULL,
  `seller` int(11) NOT NULL DEFAULT '0',
  `message` text NOT NULL,
  `status` tinyint(4) NOT NULL DEFAULT '1'
) ENGINE=InnoDB DEFAULT CHARSET=utf8;

--
-- Dumping data for table `notification`
--

INSERT INTO `notification` (`id`, `buyer`, `seller`, `message`, `status`) VALUES
(1, 1, 21, 'تم طلب الخدمة ', 0),
(2, 1, 21, 'تم طلب خدمة  Array من قبل العميل Array', 0),
(3, 1, 21, 'تم طلب خدمة  برمجة مواقع من قبل العميل kamal', 0),
(4, 1, 21, 'تم طلب خدمة  برمجة مواقع من قبل العميل kamal', 0),
(5, 1, 21, 'تم طلب خدمة  برمجة مواقع من قبل العميل kamal', 0),
(6, 1, 21, 'تم طلب خدمة  برمجة مواقع من قبل العميل kamal', 0),
(7, 1, 21, 'تم طلب خدمة  برمجة مواقع من قبل العميل kamal', 0),
(8, 1, 21, 'تم  إلغاء خدمة   من قبل العميل ', 0),
(9, 1, 21, 'تم طلب خدمة  برمجة مواقع من قبل العميل kamal', 0),
(10, 1, 21, 'تم تسلم خدمة   من قبل العميل ', 0),
(11, 1, 21, 'تم طلب خدمة  برمجة مواقع من قبل العميل kamal', 0),
(12, 1, 21, 'تم  إلغاء خدمة  برمجة مواقع من قبل العميل kamal', 0),
(13, 1, 21, 'تم طلب خدمة  برمجة مواقع من قبل العميل kamal', 0),
(14, 1, 21, 'تم تسلم خدمة  برمجة مواقع من قبل العميل kamal', 0),
(15, 23, 23, 'تم تفعيل خدمة الزيت', 0),
(16, 23, 23, 'تم تفعيل خدمة ', 0),
(17, 23, 23, 'تم تفعيل خدمة ', 0),
(18, 23, 23, 'تم تفعيل خدمة الزيت', 0),
(19, 33, 22, 'تم طلب خدمة  Windows setup من قبل العميل foxey', 1),
(20, 33, 22, 'تم طلب خدمة  تحويل ملف PDF الي ملف Word من قبل العميل foxey', 1),
(21, 34, 34, 'تم تفعيل خدمة عمل أبحاث أكاديمية باللغتين العربية والانجليزية', 0),
(22, 34, 34, 'تم تفعيل خدمة تلخيص الكتب والمواد الدراسية في IT - HR - Management', 0),
(23, 34, 34, 'تم تفعيل خدمة  دراسة حالة / Case study ', 0),
(24, 35, 35, 'تم تفعيل خدمة إصلاح كود برمجي بلغة VB.net أو C# ', 1),
(25, 36, 36, 'تم تفعيل خدمة شرح موضوعات متنوعة فى الفيزياء و الميكانيكا', 1),
(26, 37, 37, 'تم تفعيل خدمة حل مسائل أسس هندسة كهربائية وداراتها ', 0),
(27, 38, 38, 'تم تفعيل خدمة تصميم برشور\\ فلاير\\ رول اب ', 0),
(28, 38, 38, 'تم تفعيل خدمة صناعة محتوى في الإنستقرام ', 0),
(29, 28, 28, 'تم تفعيل خدمة  مراجعة نظريات المحاسبة', 1),
(30, 28, 28, 'تم تفعيل خدمة  مراجعة نظريات المحاسبة', 1),
(31, 23, 1, 'تم طلب خدمة   تصميم بطاقات الأعمال من قبل العميل Kemo Byteبسعر 50 جنيه', 0),
(32, 23, 1, 'تم  إلغاء خدمة   تصميم بطاقات الأعمال من قبل العميل Kemo Byte', 0),
(33, 1, 1, 'تم إرسال ملفات من قبل 1', 0),
(34, 23, 23, 'تم إرسال ملفات من قبل ', 0),
(35, 23, 23, 'تم إرسال ملفات من قبل Kemo Byte', 0),
(36, 23, 21, 'تم طلب خدمة  كتابة قصص قصيرة من قبل العميل Kemo Byteبسعر 50 جنيه', 0),
(37, 23, 21, 'تم تسلم خدمة  كتابة قصص قصيرة من قبل العميل Kemo Byte', 0),
(38, 23, 21, 'تم طلب خدمة  كتابة قصص قصيرة من قبل العميل Kemo Byteبسعر 50 جنيه', 0),
(39, 23, 21, 'تم تسلم خدمة  كتابة قصص قصيرة من قبل العميل Kemo Byte', 0),
(40, 23, 21, 'تم طلب خدمة  كتابة قصص قصيرة من قبل العميل Kemo Byteبسعر 50 جنيه', 0),
(41, 23, 21, 'تم تسلم خدمة  كتابة قصص قصيرة من قبل العميل Kemo Byte', 0),
(42, 23, 21, 'تم طلب خدمة  كتابة قصص قصيرة من قبل العميل Kemo Byteبسعر 50 جنيه', 0),
(43, 23, 21, 'تم  إلغاء خدمة  كتابة قصص قصيرة من قبل العميل Kemo Byte', 0),
(44, 23, 21, 'تم طلب خدمة  كتابة قصص قصيرة من قبل العميل Kemo Byteبسعر 50 جنيه', 0),
(45, 23, 21, 'تم تسلم خدمة  كتابة قصص قصيرة من قبل العميل Kemo Byte', 0),
(46, 23, 21, 'تم طلب خدمة  كتابة قصص قصيرة من قبل العميل Kemo Byteبسعر 50 جنيه', 0),
(47, 23, 21, 'تم تسلم خدمة  كتابة قصص قصيرة من قبل العميل Kemo Byte', 0),
(48, 23, 21, 'تم طلب خدمة  كتابة قصص قصيرة من قبل العميل Kemo Byteبسعر 50 جنيه', 0),
(49, 23, 21, 'تم تسلم خدمة  كتابة قصص قصيرة من قبل العميل Kemo Byte', 0),
(50, 23, 21, 'تم طلب خدمة  كتابة قصص قصيرة من قبل العميل Kemo Byteبسعر 50 جنيه', 0),
(51, 23, 21, 'تم تسلم خدمة  كتابة قصص قصيرة من قبل العميل Kemo Byte', 0),
(52, 23, 21, 'تم طلب خدمة  كتابة قصص قصيرة من قبل العميل Kemo Byteبسعر 50 جنيه', 0),
(53, 23, 21, 'تم تسلم خدمة  كتابة قصص قصيرة من قبل العميل Kemo Byte', 0),
(54, 23, 21, 'تم طلب خدمة  كتابة قصص قصيرة من قبل العميل Kemo Byteبسعر 50 جنيه', 0),
(55, 23, 21, 'تم تسلم خدمة  كتابة قصص قصيرة من قبل العميل Kemo Byte', 0),
(56, 23, 21, 'تم طلب خدمة  كتابة قصص قصيرة من قبل العميل Kemo Byteبسعر 50 جنيه', 0),
(57, 23, 21, 'تم  إلغاء خدمة  كتابة قصص قصيرة من قبل العميل Kemo Byte', 0),
(58, 23, 1, 'تم طلب خدمة   تصميم بطاقات الأعمال من قبل العميل Kemo Byteبسعر 50 جنيه', 0),
(59, 23, 1, 'تم تسلم خدمة   تصميم بطاقات الأعمال من قبل العميل Kemo Byte', 0),
(60, 1, 36, 'تم طلب خدمة  شرح موضوعات متنوعة فى الفيزياء و الميكانيكا من قبل العميل kamalبسعر 50 جنيه', 1),
(61, 1, 36, 'تم تسلم خدمة  شرح موضوعات متنوعة فى الفيزياء و الميكانيكا من قبل العميل kamal', 1),
(62, 23, 1, 'تم طلب خدمة  تصميم مواقع من قبل العميل Kemo Byteبسعر 500 جنيه', 0),
(63, 23, 1, 'تم تسلم خدمة  تصميم مواقع من قبل العميل Kemo Byte', 0),
(64, 34, 34, 'تم إرسال ملفات من قبل yasmeen', 1);

-- --------------------------------------------------------

--
-- Table structure for table `ordering`
--

CREATE TABLE `ordering` (
  `order_ID` int(11) NOT NULL,
  `order_name` varchar(255) NOT NULL,
  `Description` text NOT NULL,
  `Add_date` timestamp NOT NULL DEFAULT CURRENT_TIMESTAMP ON UPDATE CURRENT_TIMESTAMP,
  `Cat_ID` int(11) NOT NULL,
  `Member_ID` int(11) NOT NULL,
  `Approve` int(11) NOT NULL DEFAULT '1'
) ENGINE=InnoDB DEFAULT CHARSET=utf8;

--
-- Dumping data for table `ordering`
--

INSERT INTO `ordering` (`order_ID`, `order_name`, `Description`, `Add_date`, `Cat_ID`, `Member_ID`, `Approve`) VALUES
(1, 'إنشاء موقع', 'أريد إنشاء موقع إلكتروني بسط', '2020-02-08 09:39:18', 15, 21, 1),
(2, 'تفريغ ملف pdf', 'لدي كتاب مكون من 200 صفحة وأريد من يفرغه ، الميزانية المتاحة 100 جنيه', '2020-02-08 15:01:54', 5, 21, 1),
(3, 'تعديل على موقع', 'اود إضافة بعض التعديلات على موقعي ، php mysql', '2020-02-09 02:49:20', 15, 15, 1),
(4, 'تدريب عن بعد', 'أريد تعلم برنامج الفوتوشوب ، الساعة بخدمة', '2020-02-10 10:35:01', 14, 15, 1),
(5, 'كتابه تقرير', 'كتابه تقرير في صفحات الويرد ', '2020-03-03 08:24:47', 5, 26, 1),
(6, 'كتابه تقرير', 'كتابه تقرير في صفحات الويرد ', '2020-03-03 08:34:33', 5, 26, 1),
(7, 'مرجعةvb', 'لغة vbدرس الالوان', '2020-03-03 10:18:10', 7, 27, 1);

-- --------------------------------------------------------

--
-- Table structure for table `order_comments`
--

CREATE TABLE `order_comments` (
  `id` int(11) NOT NULL,
  `comment` text NOT NULL,
  `status` tinyint(4) NOT NULL DEFAULT '1',
  `comment_date` timestamp NOT NULL DEFAULT CURRENT_TIMESTAMP ON UPDATE CURRENT_TIMESTAMP,
  `Order_ID` int(11) NOT NULL,
  `UID` int(11) NOT NULL
) ENGINE=InnoDB DEFAULT CHARSET=utf8;

--
-- Dumping data for table `order_comments`
--

INSERT INTO `order_comments` (`id`, `comment`, `status`, `comment_date`, `Order_ID`, `UID`) VALUES
(1, 'يمكنيي  القيام بذالك راسلني', 1, '2020-02-09 10:22:54', 3, 21),
(2, 'راسلني على خدمتي', 1, '2020-02-09 10:43:53', 3, 15),
(3, 'رسل لي في الخاص', 1, '2020-02-10 10:37:00', 4, 21),
(4, 'راسلني', 1, '2020-02-16 02:44:50', 4, 21),
(5, 'راسلني', 1, '2020-02-16 02:44:56', 4, 21),
(6, 'ok\r\n', 1, '2020-02-16 02:49:59', 4, 15),
(7, 'راسلني في الخاص', 1, '2020-03-03 08:27:20', 5, 21),
(8, 'خاص في عينك', 1, '2020-03-03 09:04:12', 5, 26),
(9, 'راسلني في الخاص', 1, '2020-03-03 10:19:33', 7, 21);

-- --------------------------------------------------------

--
-- Table structure for table `settings`
--

CREATE TABLE `settings` (
  `id` int(11) NOT NULL,
  `img` varchar(255) NOT NULL,
  `email` varchar(255) NOT NULL,
  `tel` int(20) NOT NULL,
  `min_price` int(11) NOT NULL,
  `max_price` int(11) NOT NULL
) ENGINE=InnoDB DEFAULT CHARSET=utf8;

--
-- Dumping data for table `settings`
--

INSERT INTO `settings` (`id`, `img`, `email`, `tel`, `min_price`, `max_price`) VALUES
(1, '19861_logo.jpg', 'CsTeam@gmail.com', 100894456, 50, 1000);

-- --------------------------------------------------------

--
-- Table structure for table `transactions`
--

CREATE TABLE `transactions` (
  `id` int(11) NOT NULL,
  `buyer` int(11) NOT NULL,
  `seller` int(11) NOT NULL,
  `price` int(11) NOT NULL,
  `item` int(11) NOT NULL,
  `status` tinyint(4) NOT NULL DEFAULT '0'
) ENGINE=InnoDB DEFAULT CHARSET=utf8;

--
-- Dumping data for table `transactions`
--

INSERT INTO `transactions` (`id`, `buyer`, `seller`, `price`, `item`, `status`) VALUES
(1, 33, 22, 50, 23, 1),
(2, 33, 22, 50, 25, 1),
(5, 1, 1, 100, 23, 1),
(6, 23, 23, 100, 23, 1),
(7, 21, 21, 100, 23, 1),
(8, 21, 21, 100, 23, 1);

-- --------------------------------------------------------

--
-- Table structure for table `users`
--

CREATE TABLE `users` (
  `UserID` int(11) NOT NULL COMMENT 'identify user',
  `Username` varchar(255) NOT NULL COMMENT 'username to login',
  `Password` varchar(255) NOT NULL COMMENT 'password to login',
  `Email` varchar(255) NOT NULL,
  `FullName` varchar(255) NOT NULL,
  `GroupID` int(11) NOT NULL DEFAULT '0' COMMENT 'identify user group',
  `TrustStatus` int(11) NOT NULL DEFAULT '0' COMMENT 'saller rank',
  `RegStatus` int(11) NOT NULL DEFAULT '0' COMMENT 'user approval',
  `Date` date NOT NULL,
  `avatar` varchar(255) NOT NULL,
  `balance` double NOT NULL DEFAULT '0',
  `code` int(11) NOT NULL DEFAULT '12345678'
) ENGINE=InnoDB DEFAULT CHARSET=utf8;

--
-- Dumping data for table `users`
--

INSERT INTO `users` (`UserID`, `Username`, `Password`, `Email`, `FullName`, `GroupID`, `TrustStatus`, `RegStatus`, `Date`, `avatar`, `balance`, `code`) VALUES
(1, 'kamal', '8cb2237d0679ca88db6464eac60da96345513964', 'kamalkafi12@gmail.com', 'kamal kafi', 1, 0, 1, '2019-08-01', '88840_avatar_01.jpg', 565, 12345678),
(2, 'Ahmed', '8cb2237d0679ca88db6464eac60da96345513964', 'Fox@gmail.com', 'Ahmed Adam', 0, 0, 1, '0000-00-00', '', 0, 12345678),
(11, 'admin', '8cb2237d0679ca88db6464eac60da96345513964', 'admin@gmail.com', 'administrator', 1, 0, 1, '2019-09-15', '', 175, 12345678),
(15, 'Osman', '65aea98c57dcd2a1ffb0d35ca20603caaf7d9f03', 'OSA@outlook.com', 'Osman Ibrahim', 0, 0, 1, '2019-10-20', '91136_0 (1).jpg', 0, 12345678),
(18, 'fadol', '65aea98c57dcd2a1ffb0d35ca20603caaf7d9f03', 'fadol@outlook.com', '', 0, 0, 0, '2019-10-21', '', 0, 12345678),
(19, 'Omer', '65aea98c57dcd2a1ffb0d35ca20603caaf7d9f03', 'Omer@Omer.com', '', 0, 0, 1, '2019-10-21', '', 0, 12345678),
(20, 'kemobyte', '65aea98c57dcd2a1ffb0d35ca20603caaf7d9f03', 'kemobyte@gmail.com', 'kamal byte', 0, 0, 1, '2019-10-26', '', 1000, 12345678),
(21, 'كمال', '8cb2237d0679ca88db6464eac60da96345513964', 'kamalkafi12@gmail.com', 'كمال كافي', 0, 0, 1, '2020-01-24', '77922_kemobyte.jpg', 1445, 12345678),
(22, 'فضل السيد', '96da4964e72dece5de49d4d102b16206e7298bdc', 'falseed65@gmail.com', '', 0, 0, 1, '2020-01-28', 'f.jpg', 0, 12345678),
(23, 'Kemo Byte', '8cb2237d0679ca88db6464eac60da96345513964', 'kemokafu@gmail.com', 'kamal byte', 0, 0, 1, '2020-03-01', '35284_WIN_20200825_15_20_12_Pro.jpg', 75, 12345678),
(24, 'صصثق', '8cb2237d0679ca88db6464eac60da96345513964', 'kemobyte@gmail.com', '', 0, 0, 1, '2020-03-01', '', 0, 12345678),
(25, 'Saber', 'f7658c6ac3d96bdddf7d1a797ad95f3352818570', 'saber.kafi14@gmail.com', '', 0, 0, 1, '2020-03-02', '99614_Listening_tnb.png', 0, 12345678),
(26, 'بشير', '2828dc2ed40944b45df3fd76a4aaeb499e749d49', 'besha@11gmail.com', '', 0, 0, 1, '2020-03-03', '28891_FB_IMG_1582735258719.jpg', 0, 12345678),
(27, 'برام', '8cb2237d0679ca88db6464eac60da96345513964', 'barramibrahimmohamad@gmail.com', '', 0, 0, 1, '2020-03-03', '91606_Screenshot_٢٠٢٠٠٢١٧-١٣٤٠٥٢_Phone.jpg', 20, 12345678),
(28, 'Salim', '134127fbdf7eec6f865ea2f213ee1e2286cbe2bd', 'salim@gmail.com', '', 0, 0, 1, '2020-09-01', '66955_1598970850965-568413547.jpg', 0, 12345678),
(29, 'BSHA', 'ac1ab23d6288711be64a25bf13432baf1e60b2bd', 'dasheer150@gmail.com', '', 1, 0, 1, '2020-09-05', '1060_WIN_20200309_11_54_50_Pro.jpg', 0, 12345678),
(30, 'عيسى', '8cb2237d0679ca88db6464eac60da96345513964', 'eisa@gmail.com', 'عيسى عبدالعال', 0, 0, 1, '2020-10-18', '19137_WIN_20201018_09_41_18_Pro.jpg', 0, 12345678),
(31, 'اسامه', '0bf1fa0dda5a0a78c7d8a4f1c1e6c3b58881c1b0', 'ans11@gmail.com', '', 0, 0, 1, '2020-10-22', '', 999, 12345678),
(32, 'بشير1', '00fd4b4549a1094aae926ef62e9dbd3cdcc2e456', 'bs@gmail.com', '', 0, 0, 1, '2020-10-22', '', 100, 12345678),
(33, 'foxey', '4c2fc58cfa8a3fa60ea8159db124a39a15a90d43', 'foxey@gmail.com', 'ahmed aka fox', 0, 0, 1, '2020-10-22', '27762_team.jpg', 700, 12345678),
(34, 'yasmeen', '8cb2237d0679ca88db6464eac60da96345513964', 'yasmeen@gmail.com', '', 0, 0, 1, '2020-10-23', '', 0, 12345678),
(35, 'عاصم', '8cb2237d0679ca88db6464eac60da96345513964', 'asim@gmail.com', '', 0, 0, 1, '2020-10-23', '', 0, 12345678),
(36, 'mahmud', '8cb2237d0679ca88db6464eac60da96345513964', 'mahmud@gmail.com', '', 0, 0, 1, '2020-10-23', '', 40, 12345678),
(37, 'haitham', '8cb2237d0679ca88db6464eac60da96345513964', 'haitham@gmail.com', 'haitham mohamed', 0, 0, 1, '2020-10-23', '', 0, 12345678),
(38, 'امل محمد', '8cb2237d0679ca88db6464eac60da96345513964', 'amal@gmail.com', 'أمل محمد أحمد', 0, 0, 1, '2020-10-23', '79560_h.png', 0, 12345678),
(40, 'suliman', '8cb2237d0679ca88db6464eac60da96345513964', 'suliman@gmail.com', 'suliman ahmed', 0, 0, 1, '2020-10-30', '48510_avatar_02.jpg', 0, 12345678),
(41, 'محمد', '3d4f2bf07dc1be38b20cd6e46949a1071f9d0e3d', 'mohamed@gmail.com', '', 0, 0, 1, '2020-11-02', '', 0, 12345678);

--
-- Indexes for dumped tables
--

--
-- Indexes for table `categories`
--
ALTER TABLE `categories`
  ADD PRIMARY KEY (`ID`),
  ADD UNIQUE KEY `Name` (`Name`);

--
-- Indexes for table `chat`
--
ALTER TABLE `chat`
  ADD PRIMARY KEY (`id`),
  ADD KEY `mem` (`Member_ID`),
  ADD KEY `it_ID` (`it_ID`),
  ADD KEY `cus` (`cu_id`);

--
-- Indexes for table `chat_message`
--
ALTER TABLE `chat_message`
  ADD PRIMARY KEY (`chat_message_id`),
  ADD KEY `cu` (`from_user_id`),
  ADD KEY `me` (`to_user_id`);

--
-- Indexes for table `comments`
--
ALTER TABLE `comments`
  ADD PRIMARY KEY (`c_id`),
  ADD KEY `items_comment` (`item_ID`),
  ADD KEY `user_comment` (`User_ID`);

--
-- Indexes for table `items`
--
ALTER TABLE `items`
  ADD PRIMARY KEY (`item_ID`),
  ADD KEY `member_1` (`Member_ID`),
  ADD KEY `cat_1` (`Cat_ID`);
ALTER TABLE `items` ADD FULLTEXT KEY `Name` (`Name`);
ALTER TABLE `items` ADD FULLTEXT KEY `Description` (`Description`);
ALTER TABLE `items` ADD FULLTEXT KEY `tags` (`tags`);

--
-- Indexes for table `login_details`
--
ALTER TABLE `login_details`
  ADD PRIMARY KEY (`login_details_id`),
  ADD KEY `log` (`user_id`);

--
-- Indexes for table `notification`
--
ALTER TABLE `notification`
  ADD PRIMARY KEY (`id`),
  ADD KEY `u` (`buyer`),
  ADD KEY `u1` (`seller`);

--
-- Indexes for table `ordering`
--
ALTER TABLE `ordering`
  ADD PRIMARY KEY (`order_ID`),
  ADD KEY `Cat_2` (`Cat_ID`),
  ADD KEY `Member_2` (`Member_ID`);

--
-- Indexes for table `order_comments`
--
ALTER TABLE `order_comments`
  ADD PRIMARY KEY (`id`),
  ADD KEY `order_comment` (`Order_ID`),
  ADD KEY `uo_comment` (`UID`);

--
-- Indexes for table `settings`
--
ALTER TABLE `settings`
  ADD PRIMARY KEY (`id`);

--
-- Indexes for table `transactions`
--
ALTER TABLE `transactions`
  ADD PRIMARY KEY (`id`),
  ADD KEY `buyer` (`buyer`),
  ADD KEY `seller` (`seller`),
  ADD KEY `item` (`item`);

--
-- Indexes for table `users`
--
ALTER TABLE `users`
  ADD PRIMARY KEY (`UserID`);

--
-- AUTO_INCREMENT for dumped tables
--

--
-- AUTO_INCREMENT for table `categories`
--
ALTER TABLE `categories`
  MODIFY `ID` int(11) NOT NULL AUTO_INCREMENT, AUTO_INCREMENT=17;

--
-- AUTO_INCREMENT for table `chat`
--
ALTER TABLE `chat`
  MODIFY `id` int(11) NOT NULL AUTO_INCREMENT, AUTO_INCREMENT=66;

--
-- AUTO_INCREMENT for table `chat_message`
--
ALTER TABLE `chat_message`
  MODIFY `chat_message_id` int(11) NOT NULL AUTO_INCREMENT, AUTO_INCREMENT=77;

--
-- AUTO_INCREMENT for table `comments`
--
ALTER TABLE `comments`
  MODIFY `c_id` int(11) NOT NULL AUTO_INCREMENT, AUTO_INCREMENT=10;

--
-- AUTO_INCREMENT for table `items`
--
ALTER TABLE `items`
  MODIFY `item_ID` int(11) NOT NULL AUTO_INCREMENT, AUTO_INCREMENT=39;

--
-- AUTO_INCREMENT for table `login_details`
--
ALTER TABLE `login_details`
  MODIFY `login_details_id` int(11) NOT NULL AUTO_INCREMENT, AUTO_INCREMENT=180;

--
-- AUTO_INCREMENT for table `notification`
--
ALTER TABLE `notification`
  MODIFY `id` int(11) NOT NULL AUTO_INCREMENT, AUTO_INCREMENT=65;

--
-- AUTO_INCREMENT for table `ordering`
--
ALTER TABLE `ordering`
  MODIFY `order_ID` int(11) NOT NULL AUTO_INCREMENT, AUTO_INCREMENT=8;

--
-- AUTO_INCREMENT for table `order_comments`
--
ALTER TABLE `order_comments`
  MODIFY `id` int(11) NOT NULL AUTO_INCREMENT, AUTO_INCREMENT=10;

--
-- AUTO_INCREMENT for table `settings`
--
ALTER TABLE `settings`
  MODIFY `id` int(11) NOT NULL AUTO_INCREMENT, AUTO_INCREMENT=2;

--
-- AUTO_INCREMENT for table `transactions`
--
ALTER TABLE `transactions`
  MODIFY `id` int(11) NOT NULL AUTO_INCREMENT, AUTO_INCREMENT=9;

--
-- AUTO_INCREMENT for table `users`
--
ALTER TABLE `users`
  MODIFY `UserID` int(11) NOT NULL AUTO_INCREMENT COMMENT 'identify user', AUTO_INCREMENT=42;

--
-- Constraints for dumped tables
--

--
-- Constraints for table `chat`
--
ALTER TABLE `chat`
  ADD CONSTRAINT `cus` FOREIGN KEY (`cu_id`) REFERENCES `users` (`UserID`) ON DELETE CASCADE ON UPDATE CASCADE,
  ADD CONSTRAINT `mem` FOREIGN KEY (`Member_ID`) REFERENCES `users` (`UserID`) ON DELETE CASCADE ON UPDATE CASCADE;

--
-- Constraints for table `chat_message`
--
ALTER TABLE `chat_message`
  ADD CONSTRAINT `cu` FOREIGN KEY (`from_user_id`) REFERENCES `users` (`UserID`) ON DELETE CASCADE ON UPDATE CASCADE,
  ADD CONSTRAINT `me` FOREIGN KEY (`to_user_id`) REFERENCES `users` (`UserID`) ON DELETE CASCADE ON UPDATE CASCADE;

--
-- Constraints for table `comments`
--
ALTER TABLE `comments`
  ADD CONSTRAINT `items_comment` FOREIGN KEY (`item_ID`) REFERENCES `items` (`item_ID`) ON DELETE CASCADE ON UPDATE CASCADE,
  ADD CONSTRAINT `user_comment` FOREIGN KEY (`User_ID`) REFERENCES `users` (`UserID`) ON DELETE CASCADE ON UPDATE CASCADE;

--
-- Constraints for table `items`
--
ALTER TABLE `items`
  ADD CONSTRAINT `cat_1` FOREIGN KEY (`Cat_ID`) REFERENCES `categories` (`ID`) ON DELETE CASCADE ON UPDATE CASCADE,
  ADD CONSTRAINT `member_1` FOREIGN KEY (`Member_ID`) REFERENCES `users` (`UserID`) ON DELETE CASCADE ON UPDATE CASCADE;

--
-- Constraints for table `login_details`
--
ALTER TABLE `login_details`
  ADD CONSTRAINT `log` FOREIGN KEY (`user_id`) REFERENCES `users` (`UserID`) ON DELETE CASCADE ON UPDATE CASCADE;

--
-- Constraints for table `notification`
--
ALTER TABLE `notification`
  ADD CONSTRAINT `u` FOREIGN KEY (`buyer`) REFERENCES `users` (`UserID`) ON DELETE CASCADE ON UPDATE CASCADE,
  ADD CONSTRAINT `u1` FOREIGN KEY (`seller`) REFERENCES `users` (`UserID`) ON DELETE CASCADE ON UPDATE CASCADE;

--
-- Constraints for table `ordering`
--
ALTER TABLE `ordering`
  ADD CONSTRAINT `Cat_2` FOREIGN KEY (`Cat_ID`) REFERENCES `categories` (`ID`) ON DELETE CASCADE ON UPDATE CASCADE,
  ADD CONSTRAINT `Member_2` FOREIGN KEY (`Member_ID`) REFERENCES `users` (`UserID`) ON DELETE CASCADE ON UPDATE CASCADE;

--
-- Constraints for table `order_comments`
--
ALTER TABLE `order_comments`
  ADD CONSTRAINT `order_comment` FOREIGN KEY (`Order_ID`) REFERENCES `ordering` (`order_ID`) ON DELETE CASCADE ON UPDATE CASCADE,
  ADD CONSTRAINT `uo_comment` FOREIGN KEY (`UID`) REFERENCES `users` (`UserID`) ON DELETE CASCADE ON UPDATE CASCADE;

--
-- Constraints for table `transactions`
--
ALTER TABLE `transactions`
  ADD CONSTRAINT `buyer` FOREIGN KEY (`buyer`) REFERENCES `users` (`UserID`) ON DELETE CASCADE ON UPDATE CASCADE,
  ADD CONSTRAINT `item` FOREIGN KEY (`item`) REFERENCES `items` (`item_ID`) ON DELETE CASCADE ON UPDATE CASCADE,
  ADD CONSTRAINT `seller` FOREIGN KEY (`seller`) REFERENCES `users` (`UserID`) ON DELETE CASCADE ON UPDATE CASCADE;
COMMIT;

/*!40101 SET CHARACTER_SET_CLIENT=@OLD_CHARACTER_SET_CLIENT */;
/*!40101 SET CHARACTER_SET_RESULTS=@OLD_CHARACTER_SET_RESULTS */;
/*!40101 SET COLLATION_CONNECTION=@OLD_COLLATION_CONNECTION */;
